<!-- Android Store Configuration - AndroidManifest.xml Additions -->
<!-- Diese Permissions und Konfigurationen müssen in android/app/src/main/AndroidManifest.xml hinzugefügt werden -->

<!-- Deep link intent filter (add inside main activity) -->
<intent-filter android:autoVerify="true">
  <action android:name="android.intent.action.VIEW" />
  <category android:name="android.intent.category.DEFAULT" />
  <category android:name="android.intent.category.BROWSABLE" />
  <data android:scheme="zeitzeuge" android:host="auth-callback" />
</intent-filter>

<!-- Permissions -->
<uses-permission android:name="android.permission.INTERNET"/>
<uses-permission android:name="android.permission.CAMERA"/>
<uses-permission android:name="android.permission.RECORD_AUDIO"/>

<!-- Android 13+ granular media permissions -->
<uses-permission android:name="android.permission.READ_MEDIA_VIDEO"/>
<uses-permission android:name="android.permission.READ_MEDIA_AUDIO"/>

<!-- Push Notifications (Android 13+) -->
<uses-permission android:name="android.permission.POST_NOTIFICATIONS"/>

<!-- Foreground Service für Background Uploads -->
<uses-permission android:name="android.permission.FOREGROUND_SERVICE" />
<uses-permission android:name="android.permission.FOREGROUND_SERVICE_DATA_SYNC" />

<!-- Wake Lock für Background Tasks -->
<uses-permission android:name="android.permission.WAKE_LOCK" />

<!-- Vibration für Notifications -->
<uses-permission android:name="android.permission.VIBRATE" />

<!-- Boot Completed für Background Services -->
<uses-permission android:name="android.permission.RECEIVE_BOOT_COMPLETED" />

<!-- Push Notifications -->
<uses-permission android:name="com.google.android.c2dm.permission.RECEIVE" />

<!-- App Features -->
<uses-feature android:name="android.hardware.camera" android:required="true" />
<uses-feature android:name="android.hardware.camera.autofocus" android:required="false" />
<uses-feature android:name="android.hardware.microphone" android:required="true" />

<!-- In der <application> Section: -->
<!-- 
<application
    android:allowBackup="true"
    android:icon="@mipmap/ic_launcher"
    android:roundIcon="@mipmap/ic_launcher_round"
    android:label="@string/app_name"
    android:theme="@style/AppTheme"
    android:usesCleartextTraffic="false"
    android:requestLegacyExternalStorage="false">

    <!-- Main Activity mit Intent Filters -->
    <activity
        android:name=".MainActivity"
        android:exported="true"
        android:launchMode="singleTask"
        android:theme="@style/AppTheme.NoActionBarLaunch">
        
        <intent-filter>
            <action android:name="android.intent.action.MAIN" />
            <category android:name="android.intent.category.LAUNCHER" />
        </intent-filter>
        
        <!-- Deep Link Intent Filter -->
        <intent-filter android:autoVerify="true">
            <action android:name="android.intent.action.VIEW" />
            <category android:name="android.intent.category.DEFAULT" />
            <category android:name="android.intent.category.BROWSABLE" />
            <data android:scheme="zeitzeuge" android:host="auth-callback" />
        </intent-filter>
        
    </activity>

    <!-- Foreground Service für Background Uploads -->
    <service
        android:name="com.zeitzeuge.app.UploadService"
        android:enabled="true"
        android:exported="false"
        android:foregroundServiceType="dataSync" />

    <!-- Firebase Messaging Service -->
    <service
        android:name="com.google.firebase.messaging.FirebaseMessagingService"
        android:exported="false">
        <intent-filter>
            <action android:name="com.google.firebase.MESSAGING_EVENT" />
        </intent-filter>
    </service>

    <!-- Network Security Config -->
    <meta-data
        android:name="android.net.usesCleartextTraffic"
        android:value="false" />

</application>
-->