<!-- iOS Store Configuration - Info.plist Additions -->
<!-- Diese Einträge müssen in ios/App/App/Info.plist hinzugefügt werden -->

<!-- Deep Link Configuration -->
<key>CFBundleURLTypes</key>
<array>
  <dict>
    <key>CFBundleURLSchemes</key>
    <array><string>zeitzeuge</string></array>
  </dict>
</array>

<!-- Permission Purpose Strings -->
<key>NSCameraUsageDescription</key>
<string>Videoaufnahmen für Zeitzeuge</string>

<key>NSMicrophoneUsageDescription</key>
<string>Audioaufnahmen für Zeitzeuge</string>

<key>NSPhotoLibraryAddUsageDescription</key>
<string>Medien speichern</string>

<key>NSPhotoLibraryUsageDescription</key>
<string>Zeitzeuge benötigt Zugriff auf Ihre Fotomediathek, um Videos und Fotos aus Ihrer Sammlung hinzuzufügen.</string>

<!-- Background Modes für Push Notifications und Upload -->
<key>UIBackgroundModes</key>
<array>
  <string>remote-notification</string>
  <string>background-processing</string>
  <string>background-fetch</string>
</array>

<!-- App Transport Security -->
<key>NSAppTransportSecurity</key>
<dict>
  <key>NSAllowsArbitraryLoads</key>
  <false/>
  <key>NSExceptionDomains</key>
  <dict>
    <key>supabase.co</key>
    <dict>
      <key>NSExceptionAllowsInsecureHTTPLoads</key>
      <false/>
      <key>NSExceptionMinimumTLSVersion</key>
      <string>TLSv1.2</string>
    </dict>
  </dict>
</dict>

<!-- App Display Name -->
<key>CFBundleDisplayName</key>
<string>Zeitzeuge</string>

<!-- App Version -->
<key>CFBundleShortVersionString</key>
<string>1.0.0</string>

<key>CFBundleVersion</key>
<string>1</string>

<!-- Supported Interface Orientations -->
<key>UISupportedInterfaceOrientations</key>
<array>
  <string>UIInterfaceOrientationPortrait</string>
  <string>UIInterfaceOrientationLandscapeLeft</string>
  <string>UIInterfaceOrientationLandscapeRight</string>
</array>

<!-- Status Bar Style -->
<key>UIStatusBarStyle</key>
<string>UIStatusBarStyleDefault</string>

<!-- Launch Screen -->
<key>UILaunchStoryboardName</key>
<string>LaunchScreen</string>